indicador,artigo,obtido,confere
mediana_t0,4873.48,4873.475,ok
mediana_tf,5863.0,5863.0,ok
var_mediana_%,20.3,20.304,ok
var_media_%,63.5,63.461,ok
mediana_variacoes_%,31.0,30.956,ok
media_variacoes_%,96.7,96.742,ok
media_aparada_10%,83.7,83.681,ok
media_winsorizada_10%,90.5,90.529,ok
empresas_com_ganho_R$,20.0,20.0,ok
wilcoxon_p,0.001,0.001,ok
efeito_r_rank_bisserial,0.73,0.727,ok
hodges_lehmann_R$,2680.0,2679.885,ok
hodges_lehmann_ic95_inf,1119.0,1118.75,ok
hodges_lehmann_ic95_sup,4459.0,4459.342,ok
regressao_media_rho,-0.31,-0.305,ok
regressao_media_p,0.16,0.157,ok
ipca_2025_2ºsem_%,1.24,1.235,ok
ipca_2026_1ºsem_%,3.36,3.364,ok
deflacionada_mediana_variacoes_%,26.7,26.694,ok
deflacionada_empresas_com_ganho,19.0,19.0,ok
deflacionada_wilcoxon_p,0.002,0.002,ok
faturamento_agregado_var_%,48.7,48.652,ok
custos_agregados_var_%,22.4,22.442,ok
pessoas_var_%,-3.1,-3.067,ok
va_por_pessoa_var_%,75.0,74.965,ok
va_por_pessoa_quadro_fixo_var_%,69.6,69.598,ok
empresas_sem_mudanca_de_quadro,18.0,18.0,ok
atrito_mediana_t0_nao_concluintes,5572.0,5572.213,ok
atrito_mann_whitney_p,0.74,0.743,ok
var_media_EPP_%,82.8,82.85,ok
var_media_ME_%,54.8,54.82,ok
var_media_MEI_%,57.8,57.78,ok
mediana_var_produtividade_EPP_%,160.4,160.4,ok
mediana_var_faturamento_EPP_%,60.1,60.13,ok
mediana_var_custos_EPP_%,107.2,107.19,ok
mediana_var_produtividade_ME_%,26.5,26.53,ok
mediana_var_faturamento_ME_%,40.4,40.38,ok
mediana_var_custos_ME_%,10.3,10.27,ok
mediana_var_produtividade_MEI_%,16.4,16.41,ok
mediana_var_faturamento_MEI_%,-26.5,-26.5,ok
mediana_var_custos_MEI_%,-24.4,-24.43,ok
radar_medio_t0,1.89,1.889,ok
radar_medio_tf,3.32,3.324,ok
radar_maior_p_dimensoes,0.0011,0.0011,ok
alfa_cronbach_TF,0.61,0.611,ok
rho_medio_dimensoes_TF,0.18,0.183,ok
correlacao_rho_radar_medio,0.15,0.154,ok
correlacao_ic95_inf,-0.37,-0.37,ok
correlacao_ic95_sup,0.62,0.616,ok
correlacao_p_permutacao,0.56,0.556,ok
